{
  "name": "AnkerMake M5",
  "version": 2,
  "inherits": "fdmprinter",
  "metadata": {
    "visible": true,
    "author": "just-trey",
    "manufacturer": "AnkerMake",
    "platform_texture": "ankermake_m5.png",
    "platform": "ankermake_m5_platform.obj",
    "has_machine_quality": true,
    "preferred_quality_type": "normal",
    "file_formats": "text/x-gcode",
    "machine_extruder_trains": {
      "0": "ankermake_m5_extruder_0"
    },
    "preferred_material": "generic_pla",
    "exclude_materials": [
      "Vertex_Delta_ABS",
      "Vertex_Delta_PET",
      "Vertex_Delta_PLA",
      "Vertex_Delta_TPU",
      "chromatik_pla",
      "dsm_arnitel2045_175",
      "dsm_novamid1070_175",
      "fabtotum_abs",
      "fabtotum_nylon",
      "fabtotum_pla",
      "fabtotum_tpu",
      "fiberlogy_hd_pla",
      "filo3d_pla",
      "filo3d_pla_green",
      "filo3d_pla_red",
      "generic_abs",
      "generic_bam",
      "generic_cffcpe",
      "generic_cffpa",
      "generic_cpe",
      "generic_cpe_plus",
      "generic_gffcpe",
      "generic_gffpa",
      "generic_hips",
      "generic_nylon",
      "generic_pc",
      "generic_petg",
      "generic_pla",
      "generic_pp",
      "generic_pva",
      "generic_tough_pla",
      "generic_tpu",
      "imade3d_petg_green",
      "imade3d_petg_pink",
      "imade3d_pla_green",
      "imade3d_pla_pink",
      "innofill_innoflex60_175",
      "octofiber_pla",
      "polyflex_pla",
      "polymax_pla",
      "polyplus_pla",
      "polywood_pla",
      "structur3d_dap100silicone",
      "tizyx_abs",
      "tizyx_pla",
      "tizyx_pla_bois",
      "ultimaker_abs_black",
      "ultimaker_abs_blue",
      "ultimaker_abs_green",
      "ultimaker_abs_grey",
      "ultimaker_abs_orange",
      "ultimaker_abs_pearl-gold",
      "ultimaker_abs_red",
      "ultimaker_abs_silver-metallic",
      "ultimaker_abs_white",
      "ultimaker_abs_yellow",
      "ultimaker_bam",
      "ultimaker_cpe_black",
      "ultimaker_cpe_blue",
      "ultimaker_cpe_dark-grey",
      "ultimaker_cpe_green",
      "ultimaker_cpe_light-grey",
      "ultimaker_cpe_plus_black",
      "ultimaker_cpe_plus_transparent",
      "ultimaker_cpe_plus_white",
      "ultimaker_cpe_red",
      "ultimaker_cpe_transparent",
      "ultimaker_cpe_white",
      "ultimaker_cpe_yellow",
      "ultimaker_nylon_black",
      "ultimaker_nylon_transparent",
      "ultimaker_pc_black",
      "ultimaker_pc_transparent",
      "ultimaker_pc_white",
      "ultimaker_pla_black",
      "ultimaker_pla_blue",
      "ultimaker_pla_green",
      "ultimaker_pla_magenta",
      "ultimaker_pla_orange",
      "ultimaker_pla_pearl-white",
      "ultimaker_pla_red",
      "ultimaker_pla_silver-metallic",
      "ultimaker_pla_transparent",
      "ultimaker_pla_white",
      "ultimaker_pla_yellow",
      "ultimaker_pp_transparent",
      "ultimaker_pva",
      "ultimaker_tough_pla_black",
      "ultimaker_tough_pla_green",
      "ultimaker_tough_pla_red",
      "ultimaker_tough_pla_white",
      "ultimaker_tpu_black",
      "ultimaker_tpu_blue",
      "ultimaker_tpu_red",
      "ultimaker_tpu_white",
      "verbatim_bvoh_175",
      "zyyx_pro_flex",
      "zyyx_pro_pla"
    ]
  },

  "overrides": {
    "machine_name": { "default_value": "AnkerMake M5" },
    "machine_width": { "default_value": 235 },
    "machine_height": { "default_value": 250 },
    "machine_depth": { "default_value": 235 },
    "machine_heated_bed": { "default_value": true },
    "material_diameter": { "default_value": 1.75 },
    "jerk_enabled": { "value": true },
    "jerk_infill": { "value": 30 },
    "jerk_print": { "value": 15 },
    "jerk_travel": { "value": 15 },
    "speed_print": { "value": 250.0, "maximum_value_warning": 300 },
    "speed_infill": { "maximum_value_warning": 300 },
    "speed_topbottom": { "value": 150.0 },
    "speed_travel_layer_0": { "value": 250.0 },
    "speed_travel": { "value": "speed_travel_layer_0" },
    "speed_wall": { "value": 150.0, "maximum_value_warning": 300 },
    "speed_wall_0": { "value": 150.0, "maximum_value_warning": 300 },
    "speed_wall_x": { "value": 250.0, "maximum_value_warning": 300 },
    "material_flow_layer_0": { "value": 120 },
    "skin_monotonic": { "value": true },
    "cool_min_layer_time": { "value": 6 },
    "cool_min_speed": { "value": 30 },
    "retraction_amount": { "default_value": 1.5 },
    "retraction_speed": { "default_value": 70 },
    "acceleration_enabled": { "value": "False" },
    "acceleration_print": { "value": "2500" },
    "acceleration_travel": { "value": "acceleration_print" },
    "adhesion_type": { "default_value": "skirt" },
    "raft_margin": { "default_value": 5 },
    "raft_airgap": { "default_value": 0.25 },
    "brim_width": { "default_value": 5 },
    "machine_gcode_flavor": { "default_value": "RepRap (Marlin/Sprinter)" },
    "machine_head_with_fans_polygon": {
      "default_value": [
        [-50, 25],
        [-50, -60],
        [50, 25],
        [50, -60]
      ]
    },
    "machine_start_gcode": {
      "default_value": "G28 ;Home\nG1 Z15.0 F6000 ;Move the platform down 15mm\n;Prime the extruder\nG92 E0\nG1 F200 E3\nG92 E0"
    },
    "machine_end_gcode": {
      "default_value": "M104 S0\nM140 S0\n;Retract the filament\nG92 E1\nG1 E-1 F300\nG28 X0 Y0\nM84"
    },
    "gantry_height": { "value": 25 }
  }
}
